"92";"88";"15";"/m/e/mexico_1.png"
"93";"88";"15";"/c/u/customize2_1_1.png"
"94";"88";"16";"/h/f/hf12022.jpg"
"95";"88";"17";"/2/0/2031.gif"
"96";"88";"17";"/c/u/customize2_2.png"
"103";"88";"28";"/f/o/form.gif"
"104";"88";"32";"/3/0/3012.jpg"
"107";"88";"36";"/3/0/3014.jpg"
"108";"88";"37";"/3/0/3012s.jpg"
"110";"88";"39";"/s/o/soccer-uniforms-183.jpg"
"113";"88";"41";"/3/1/3105.jpg"
"116";"88";"44";"/3/1/3102.jpg"
"117";"88";"45";"/s/o/soccer-uniforms-178.jpg"
"118";"88";"46";"/s/c/screen_shot_2013-04-24_at_8.43.27_am.png"
"119";"88";"47";"/4/0/401.jpg"
"120";"88";"48";"/4/1/4100.jpg"
"123";"88";"51";"/a/1/a17.gif"
"124";"88";"52";"/2/0/2024-b.jpg"
"126";"88";"53";"/3/0/3003.jpg"
"128";"88";"54";"/3/0/3004.jpg"
"130";"88";"55";"/3/0/3017.jpg"
"132";"88";"56";"/3/0/3010.jpg"
"134";"88";"57";"/3/0/3001.jpg"
"136";"88";"58";"/3/0/3022.jpg"
"138";"88";"59";"/3/0/3005.jpg"
"140";"88";"60";"/3/0/3014_2.jpg"
"142";"88";"61";"/3/0/3001set.jpg"
"144";"88";"62";"/3/0/3022set.jpg"
"146";"88";"63";"/3/0/3004set.jpg"
"148";"88";"64";"/1/0/1017.jpg"
"150";"88";"65";"/3/0/3010set.jpg"
"152";"88";"66";"/3/0/3020set.jpg"
"154";"88";"67";"/3/0/3003set.jpg"
"156";"88";"68";"/3/0/3015.jpg"
"158";"88";"69";"/3/0/3005set.jpg"
"160";"88";"70";"/3/1/3107.jpg"
"161";"88";"71";"/6/1/6100.jpg"
"163";"88";"72";"/n/f/nf1270.jpg"
"165";"88";"73";"/n/w/nw1000.jpg"
"170";"88";"76";"/3/2/32320a.jpg"
"171";"88";"76";"/3/2/32320p.jpg"
"172";"88";"75";"/b/b/bb6.jpg"
"174";"88";"77";"/h/f/hf32370.jpg"
"176";"88";"78";"/b/b/bb7-l.jpg"
"179";"88";"80";"/b/b/bb8.jpg"
"180";"88";"79";"/4/0/401l.jpg"
"182";"88";"81";"/4/8/485a.jpg"
"183";"88";"82";"/n/2/n2340s.jpg"
"184";"88";"82";"/n/2/n2340p.png"
"185";"88";"83";"/n/w/nw2340s.jpg"
"186";"88";"83";"/n/w/nw2340p.png"
"187";"88";"84";"/n/f/nf1264.jpg"
"188";"88";"84";"/n/f/nf1264.png"
"189";"88";"85";"/s/d/sd.jpg"
"190";"88";"86";"/4/0/4001j.jpg"
"192";"88";"87";"/4/0/4000j.jpg"
"194";"88";"88";"/4/0/4052j.jpg"
"195";"88";"89";"/4/0/4003.jpg"
"196";"88";"90";"/1/_/1_1.jpg"
"197";"88";"90";"/2/_/2_1.jpg"
"198";"88";"91";"/3/_/3_1.jpg"
"199";"88";"91";"/4/_/4_1.jpg"
"200";"88";"92";"/s/o/soccer-uniforms-ag214.jpg"
"201";"88";"93";"/s/o/soccer-uniforms-195.jpg"
"203";"88";"95";"/s/o/soccer-uniforms-198.jpg"
"204";"88";"96";"/s/o/soccer-uniforms-sa60093.jpg"
"205";"88";"97";"/s/o/soccer-uniforms-sa60108.jpg"
"206";"88";"98";"/s/o/soccer-uniforms-200.jpg"
"207";"88";"99";"/a/4/a45b.gif"
"208";"88";"100";"/a/4/a42.jpg"
"210";"88";"102";"/8/3/833.jpg"
"217";"88";"108";"/6/_/6.gif"
"218";"88";"109";"/1/0/1027.jpg"
"220";"88";"110";"/1/0/1026.jpg"
"223";"88";"113";"/3/_/3.gif"
"232";"88";"122";"/b/a/basketball-487_1.jpg"
"233";"88";"123";"/v/-/v-l.gif"
"234";"88";"124";"/2/7/270.png"
"236";"88";"125";"/n/5/n5294b.jpg"
"237";"88";"126";"/4/5/455n.jpg"
"239";"88";"126";"/b/r/bri1.jpg"
"242";"88";"129";"/4/7/476n.jpg"
"243";"88";"129";"/4/7/476.jpg"
"244";"88";"130";"/4/5/453as.jpg"
"247";"88";"132";"/4/8/484.jpg"
"248";"88";"133";"/4/6/462.jpg"
"249";"88";"134";"/b/a/basketball-uniforms-491s.jpg"
"250";"88";"134";"/b/a/basketball-uniforms-491.jpg"
"256";"88";"139";"/s/o/softball-uniforms-1061.jpg"
"257";"88";"140";"/s/o/soccer-uniforms-ag214_1.jpg"
"258";"88";"141";"/s/o/soccer-uniforms-195_1.jpg"
"260";"88";"143";"/s/o/soccer-uniforms-sa60096_1.jpg"
"261";"88";"144";"/s/o/soccer-uniforms-198_1.jpg"
"263";"88";"146";"/s/o/soccer-uniforms-185.jpg"
"264";"88";"147";"/s/o/soccer-uniforms-vi10091.jpg"
"265";"88";"148";"/s/o/soccer-uniforms-hf22820.jpg"
"266";"88";"149";"/s/o/soccer-uniforms-186.jpg"
"268";"88";"151";"/s/o/soccer-uniforms-sa60108_1.jpg"
"269";"88";"152";"/s/o/soccer-uniforms-200_1.jpg"
"270";"88";"153";"/s/o/soccer-uniforms-193.jpg"
"271";"88";"154";"/s/o/soccer-uniforms-240.jpg"
"272";"88";"155";"/s/o/soccer-uniforms-hf22740.jpg"
"273";"88";"156";"/s/o/soccer-uniforms-ag1050.jpg"
"274";"88";"157";"/s/o/soccer-uniforms-hf22810.jpg"
"275";"88";"158";"/s/o/soccer-uniforms-197.jpg"
"276";"88";"159";"/s/o/soccer-uniforms-ag1030.jpg"
"277";"88";"160";"/s/o/soccer-uniforms-hf22710.jpg"
"278";"88";"161";"/s/o/soccer-uniforms-ag1510.jpg"
"279";"88";"162";"/s/o/soccer-uniforms-179.jpg"
"280";"88";"163";"/v/i/vi10063.jpg"
"281";"88";"164";"/s/o/soccer-uniforms-hf22660.jpg"
"282";"88";"165";"/s/o/soccer-uniforms-190.jpg"
"283";"88";"166";"/s/o/soccer-uniforms-169.jpg"
"289";"88";"172";"/s/o/soccer-uniforms-ag243.jpg"
"290";"88";"173";"/4/8/487_1.jpg"
"291";"88";"174";"/b/a/basketball-ag722.jpg"
"292";"88";"175";"/h/f/hf32360.jpg"
"293";"88";"176";"/h/f/hf32330a.jpg"
"294";"88";"177";"/4/4/449.jpg"
"295";"88";"178";"/4/5/456.jpg"
"296";"88";"179";"/h/f/hf32340.jpg"
"297";"88";"180";"/4/6/469.jpg"
"298";"88";"181";"/4/7/474.jpg"
"299";"88";"182";"/4/6/468.jpg"
"300";"88";"183";"/4/8/484_1.jpg"
"302";"88";"185";"/4/8/482.jpg"
"303";"88";"186";"/4/7/475.jpg"
"305";"88";"188";"/4/4/446.gif"
"306";"88";"189";"/4/6/465_1.jpg"
"307";"88";"190";"/4/5/458.jpg"
"308";"88";"191";"/4/3/435a_1.jpg"
"309";"88";"192";"/4/6/467.jpg"
"310";"88";"193";"/4/4/445.gif"
"311";"88";"194";"/4/6/466_1.jpg"
"312";"88";"195";"/4/7/477.jpg"
"313";"88";"196";"/4/7/470.jpg"
"315";"88";"198";"/7/0/709_1.jpg"
"316";"88";"199";"/4/7/478b.jpg"
"317";"88";"200";"/3/2/32320.jpg"
"318";"88";"201";"/b/b/bb6_2.jpg"
"319";"88";"202";"/h/f/hf32370_4.jpg"
"320";"88";"203";"/b/b/bb7.jpg"
"321";"88";"204";"/s/o/softball-uniforms-hf12022.jpg"
"322";"88";"205";"/s/o/softball-uniforms-hf12142.jpg"
"325";"88";"207";"/s/o/softball-uniforms-1059.jpg"
"326";"88";"208";"/s/o/softball-uniforms-1063.jpg"
"327";"88";"209";"/s/o/softball-uniforms-hf12152.jpg"
"331";"88";"213";"/s/o/softball-uniforms-1054nj.jpg"
"332";"88";"214";"/s/o/softball-uniforms-1055j.jpg"
"333";"88";"215";"/s/o/softball-uniforms-1060.jpg"
"334";"88";"216";"/s/o/softball-uniforms-1056.jpg"
"336";"88";"218";"/s/o/softball-uniforms-hf12102.jpg"
"337";"88";"219";"/s/o/softball-uniforms-1058.jpg"
"338";"88";"220";"/s/o/softball-uniforms-bst7.jpg"
"339";"88";"221";"/4/7/478b_1.jpg"
"340";"88";"222";"/s/o/softball-uniforms-1031j_1.jpg"
"341";"88";"223";"/s/o/softball-uniforms-1018.jpg"
"342";"88";"224";"/s/o/softball-uniforms-1034j.jpg"
"343";"88";"225";"/s/o/softball-uniforms-1020j.jpg"
"344";"88";"226";"/s/o/softball-uniforms-1022j.jpg"
"345";"88";"227";"/s/o/softball-uniforms-1006.jpg"
"347";"88";"229";"/s/o/softball-uniforms-3104.jpg"
"348";"88";"230";"/s/o/softball-uniforms-3110.jpg"
"350";"88";"232";"/s/o/softball-uniforms-15142.jpg"
"351";"88";"233";"/s/o/softball-uniforms-1053.jpg"
"352";"88";"234";"/s/o/softball-uniforms-1054sh.jpg"
"353";"88";"235";"/s/o/softball-uniforms-1056sh.jpg"
"354";"88";"236";"/s/o/softball-uniforms-1014sh.jpg"
"356";"88";"238";"/s/o/softball-uniforms-1034sh.jpg"
"357";"88";"239";"/s/o/soc-2.jpg"
"359";"88";"241";"/s/o/soc-d.jpg"
"361";"88";"242";"/z/o/zoom.gif"
"362";"88";"242";"/z/o/zoom_1.gif"
"364";"88";"244";"/s/o/soc-h.jpg"
"365";"88";"245";"/v/2/v2-a.gif"
"366";"88";"246";"/v/2/v2-l.gif"
"367";"88";"247";"/a/5/a53.jpg"
"368";"88";"248";"/e/l/elite-8.jpg"
"371";"88";"252";"/4/9/490b.jpg"
"373";"88";"253";"/n/f/nf1264_1.jpg"
"374";"88";"253";"/n/f/nf1264s.jpg"
"377";"88";"256";"/a/5/a50.jpg"
"378";"88";"257";"/s/i/side.jpg"
"379";"88";"257";"/f/r/front-g.jpg"
"380";"88";"257";"/f/r/front-f-g.jpg"
"381";"88";"258";"/3/8/383.jpg"
"382";"88";"259";"/s/o/soccer-uniforms-379.jpg"
"383";"88";"260";"/s/o/soccer-uniforms-371_1.jpg"
"384";"88";"261";"/s/o/soccer-uniforms-375.jpg"
"385";"88";"262";"/s/o/soccer-uniforms-376.jpg"
"386";"88";"263";"/s/o/soccer-uniforms-377.jpg"
"387";"88";"264";"/s/o/soccer-uniforms-370.jpg"
"388";"88";"265";"/s/o/soccer-uniforms-321.jpg"
"390";"88";"267";"/s/o/soccer-uniforms-380.jpg"
"391";"88";"268";"/s/o/soccer-uniforms-360.jpg"
"392";"88";"269";"/s/o/soccer-uniforms-362.jpg"
"393";"88";"270";"/s/o/soccer-uniforms-346.jpg"
"394";"88";"271";"/s/o/soccer-uniforms-381.jpg"
"395";"88";"272";"/s/o/soccer-uniforms-378.jpg"
"396";"88";"273";"/s/o/soccer-uniforms-354.jpg"
"397";"88";"274";"/b/s/bs1.jpg"
"398";"88";"275";"/b/s/bs2.jpg"
"399";"88";"276";"/s/o/softball-uniforms-1050_1.jpg"
"400";"88";"277";"/3/0/3008bl.jpg"
"401";"88";"278";"/3/0/3011.jpg"
"402";"88";"279";"/3/0/3019.jpg"
"403";"88";"280";"/3/0/3018bl.jpg"
"404";"88";"281";"/3/0/3020bl.jpg"
"405";"88";"282";"/3/0/3025bl.jpg"
"406";"88";"283";"/a/-/a-37.jpg"
"407";"88";"284";"/4/0/4050.jpg"
"408";"88";"285";"/4/0/4051.jpg"
"409";"88";"286";"/4/0/4001.jpg"
"410";"88";"287";"/4/0/4000j_2.jpg"
"412";"88";"289";"/4/0/4003_1.jpg"
"413";"88";"290";"/4/0/4004.jpg"
"414";"88";"291";"/4/0/4002.jpg"
"418";"88";"295";"/4/1/4102.jpg"
"419";"88";"296";"/4/0/401_1.jpg"
"420";"88";"297";"/4/0/401_2.jpg"
"422";"88";"299";"/b/a/basketball-uniforms-492s.jpg"
"423";"88";"176";"/h/f/hf32330.jpg"
"424";"88";"203";"/b/b/bb7-l_2.jpg"
"425";"88";"179";"/h/f/hf32340a_1.jpg"
"427";"88";"301";"/7/0/705.jpg"
"428";"88";"302";"/7/0/708.jpg"
"430";"88";"304";"/p/-/p-01.jpg"
"431";"88";"305";"/p/2/p23.jpg"
"432";"88";"306";"/p/2/p24.jpg"
"434";"88";"308";"/n/3/n3142.jpg"
"435";"88";"309";"/s/p/spain.jpg"
"436";"88";"310";"/s/o/soccer-uniforms-282.jpg"
"437";"88";"311";"/s/o/soccer-uniforms-268.jpg"
"438";"88";"312";"/s/o/soccer-uniforms-257.jpg"
"439";"88";"313";"/s/o/soccer-uniforms-266.jpg"
"440";"88";"314";"/s/o/soccer-uniforms-194.jpg"
"441";"88";"315";"/s/o/soccer-uniforms-250.jpg"
"443";"88";"317";"/s/o/soccer-uniforms-mexico.jpg"
"444";"88";"318";"/2/7/274a.jpg"
"445";"88";"319";"/2/8/284.jpg"
"446";"88";"320";"/s/o/soccer-uniforms-pic3.jpg"
"447";"88";"321";"/s/o/soccer-uniforms-276.jpg"
"448";"88";"94";"/s/o/soccer-uniforms-sa60096_2.jpg"
"450";"88";"323";"/a/-/a-05-n.jpg"
"451";"88";"324";"/s/o/soccer-uniforms-vi10071.jpg"
"452";"88";"325";"/2/0/201.jpg"
"453";"88";"326";"/a/6/a62.jpg"
"454";"88";"327";"/a/3/a30.jpg"
"455";"88";"327";"/a/3/a30a.jpg"
"456";"88";"328";"/a/6/a61r.gif"
"457";"88";"328";"/a/6/a61b.gif"
"458";"88";"329";"/b/s/bst5.jpg"
"459";"88";"330";"/6/1/617.jpg"
"460";"88";"331";"/p/3/p311.jpg"
"461";"88";"332";"/a/-/a-35.jpg"
"464";"88";"334";"/3/1/3107_1.jpg"
"468";"88";"337";"/8/4/841.jpg"
"469";"88";"338";"/8/3/838.jpg"
"473";"88";"342";"/n/b/nba-uniform.jpg"
"475";"88";"343";"/5/u/5urbsl.jpg"
"476";"88";"344";"/h/f/hf25380bl.jpg"
"477";"88";"345";"/u/s/usa.jpg"
"479";"88";"347";"/m/e/mexico.jpg"
"481";"88";"348";"/s/e/set.jpg"
"482";"88";"348";"/b/a/back.jpg"
"484";"88";"351";"/2/5/251-n.jpg"
"485";"88";"352";"/8/3/830.jpg"
"486";"88";"353";"/s/o/soccer-831.jpg"
"487";"88";"354";"/8/2/823.jpg"
"488";"88";"355";"/8/2/820.jpg"
"489";"88";"356";"/8/2/825.jpg"
"490";"88";"357";"/a/g/ag460bl.jpg"
"491";"88";"358";"/s/a/sa50053re.jpg"
"498";"88";"218";"/s/o/softball-hf-1.jpg"
"499";"88";"205";"/s/o/softball-hf-2.jpg"
"500";"88";"209";"/h/f/hf.gif"
"501";"88";"228";"/s/o/softball-pants.jpg"
"502";"88";"211";"/1/0/1053n.jpg"
"503";"88";"231";"/1/0/1055sh.jpg"
"506";"88";"363";"/3/0/3020-camo.jpg"
"507";"88";"363";"/3/0/3020-camo_1.jpg"
"508";"88";"364";"/3/0/3040-camo.jpg"
"509";"88";"288";"/4/0/4052j_2.jpg"
"510";"88";"365";"/4/0/4053.jpg"
"511";"88";"366";"/1/2/1290.jpg"
"512";"88";"367";"/1/3/1310.jpg"
"513";"88";"254";"/7/0/700.jpg"
"514";"88";"301";"/7/0/705_1.jpg"
"516";"88";"370";"/b/a/basketball-uniform-504.jpg"
"517";"88";"371";"/b/a/basketball-uniform-498_1.jpg"
"518";"88";"372";"/b/a/basketball-uniform-500.jpg"
"519";"88";"373";"/b/a/basketball-uniform-509.jpg"
"520";"88";"135";"/4/5/458a_1.jpg"
"522";"88";"375";"/4/9/494.jpg"
"523";"88";"376";"/b/a/basketball-uniform-499.jpg"
"524";"88";"377";"/b/a/basketball-uniform-496.jpg"
"528";"88";"248";"/e/l/elite8.jpg"
"531";"88";"381";"/s/o/soccer-uniforms-284.jpg"
"532";"88";"382";"/b/a/basketball-uniform-495.jpg"
"534";"88";"384";"/s/o/soccer-uniforms-285.jpg"
"535";"88";"255";"/7/1/712_1.jpg"
"536";"88";"303";"/7/1/713_1.jpg"
"537";"88";"302";"/7/0/708_1.jpg"
"539";"88";"369";"/5/0/501.gif"
"540";"88";"28";"/4/9/493a.jpg"
"541";"88";"386";"/7/1/716.jpg"
"542";"88";"387";"/b/a/basketball-uniform-715.jpg"
"544";"88";"342";"/a/1/a105ba.jpg"
"545";"88";"342";"/a/1/a105ba2.jpg"
"546";"88";"388";"/h/f/hf32360_1.jpg"
"547";"88";"197";"/b/a/basketball-uniform-710.jpg"
"548";"88";"389";"/b/a/basketball-uniform-507.jpg"
"549";"88";"341";"/6/0/606-zeeni-socks.jpg"
"550";"88";"322";"/6/0/601-zeeni-socks.jpg"
"551";"88";"340";"/6/1/615.jpg"
"552";"88";"240";"/6/0/608.jpg"
"553";"88";"243";"/6/0/602.jpg"
"554";"88";"185";"/4/8/482-pink_1.jpg"
"555";"88";"122";"/4/8/487_2.jpg"
"556";"88";"79";"/4/0/401a_1.jpg"
"557";"88";"199";"/4/7/478a.jpg"
"559";"88";"191";"/4/3/435_1.jpg"
"560";"88";"178";"/4/5/456_1.jpg"
"561";"88";"187";"/4/7/473_1_1.jpg"
"562";"88";"43";"/v/o/volleyball-jersey-2039.jpg"
"563";"88";"115";"/v/o/volleyball-jersey-2037.jpg"
"564";"88";"117";"/v/o/volleyball-jersey-hf42142.jpg"
"565";"88";"116";"/v/o/volleyball-jersey-ag1331.jpg"
"566";"88";"114";"/v/o/volleyball-jersey-ag1301.jpg"
"567";"88";"390";"/v/o/volleyball-shorts-ag742.jpg"
"568";"88";"391";"/v/o/volleyball-shorts-ag1335.jpg"
"570";"88";"113";"/v/o/volleyball-jersey-ag72310.jpg"
"571";"88";"42";"/v/o/volleyball-jersey-2031_1.jpg"
"572";"88";"112";"/s/o/soccer-uniforms-287_1.jpg"
"573";"88";"111";"/s/o/soccer-uniforms-266_1.jpg"
"574";"88";"107";"/s/o/soccer-uniforms-197_1.jpg"
"575";"88";"106";"/s/o/soccer-uniforms-193_1.jpg"
"576";"88";"105";"/s/o/soccer-uniforms-240_1.jpg"
"577";"88";"104";"/s/o/soccer-uniforms-268_1.jpg"
"578";"88";"392";"/f/o/football-jerser-ag9521.jpg"
"579";"88";"393";"/f/o/football-jerser-ag9140.jpg"
"580";"88";"394";"/a/1/a11.jpg"
"581";"88";"395";"/n/s/ns321.jpg"
"582";"88";"360";"/s/o/soccer-uniforms-385.jpg"
"583";"88";"361";"/s/o/soccer-uniforms-386.jpg"
"584";"88";"359";"/s/o/soccer-uniforms-384.jpg"
"585";"88";"44";"/b/a/baseball-pants-1.jpg"
"586";"88";"333";"/b/a/baseball-pants-2.jpg"
"587";"88";"335";"/b/a/baseball-pants-3.jpg"
"588";"88";"336";"/b/a/baseball-pants-4.jpg"
"589";"88";"292";"/f/o/football-pants-1.jpg"
"590";"88";"293";"/f/o/football-pants-2.jpg"
"591";"88";"294";"/f/o/football-pants-3.jpg"
"592";"88";"185";"/4/8/482_1.jpg"
"593";"88";"28";"/b/a/basketball-uniforms-493.jpg"
"594";"88";"28";"/b/a/basketball-uniforms-493a.jpg"
"595";"88";"369";"/5/0/501_2.jpg"
"596";"88";"396";"/z/e/zeeni-baseball-jersey-1.jpg"
"597";"88";"307";"/p/a/package5b1.jpg"
"599";"88";"323";"/h/f/hf27790.jpg"
"601";"88";"398";"/s/o/soccer-uniforms-191.jpg"
"602";"88";"399";"/2/5/251.jpg"
"603";"88";"187";"/4/7/473_1_2.jpg"
"604";"88";"299";"/b/a/basketball-uniforms-492_1.jpg"
"605";"88";"28";"/b/a/basketball-uniforms-493c.jpg"
"621";"88";"401";"/s/o/soccer-uniforms-189.jpg"
"623";"88";"403";"/m/e/mexico-jersey.jpg"
"624";"88";"404";"/b/r/brazil-jersey.jpg"
"625";"88";"405";"/u/s/usa-jersey.jpg"
"626";"88";"405";"/u/s/usa-jersey-back.jpg"
"627";"88";"406";"/s/p/spain-jersey.jpg"
"628";"88";"154";"/s/o/soccer-uniforms-240_2.jpg"
"629";"88";"407";"/s/o/soccer-uniforms-262.jpg"
"631";"88";"408";"/s/o/soccer-uniforms-252.jpg"
"632";"88";"314";"/1/9/194.jpg"
"633";"88";"405";"/s/o/soccer-usa-uniform.jpg"
"634";"88";"403";"/s/o/soccer-mexico-uniform.jpg"
"635";"88";"404";"/s/o/soccer-brazil-uniform.jpg"
"636";"88";"406";"/s/o/soccer-spain-uniform.jpg"
"637";"88";"409";"/h/o/holland-jersey.jpg"
"638";"88";"410";"/e/n/england-soccer-uniforms.jpg"
"639";"88";"411";"/g/e/germany-soccer-uniforms.jpg"
"640";"88";"412";"/a/r/argentina-soccer-uniforms.jpg"
"641";"88";"413";"/f/r/france-soccer-uniforms.jpg"
"643";"88";"415";"/j/a/japan-soccer-uniforms.jpg"
"644";"88";"416";"/i/t/italy-soccer-uniforms.jpg"
"645";"88";"417";"/c/o/colombia-soccer-uniforms.jpg"
"646";"88";"418";"/u/r/uruguay-soccer-uniforms.jpg"
"647";"88";"419";"/2/0/203.jpg"
"648";"88";"400";"/s/o/soccer-usa-jersey_1.jpg"
"649";"88";"400";"/s/o/soccer-columbia-jersey_1.jpg"
"650";"88";"400";"/s/o/soccer-uruguay-jersey_1.jpg"
"651";"88";"400";"/s/o/soccer-germany-jersey_1.jpg"
"652";"88";"400";"/s/o/soccer-france-jersey_1.jpg"
"653";"88";"400";"/s/o/soccer-mexico-jersey_1.jpg"
"654";"88";"400";"/s/o/soccer-argentina-jersey_1.jpg"
"655";"88";"400";"/s/o/soccer-england-jersey_1.jpg"
"656";"88";"400";"/s/o/soccer-japan-jersey_1.jpg"
"657";"88";"400";"/s/o/soccer-italy-jersey_1.jpg"
"658";"88";"400";"/s/o/soccer-spain-jersey_1.jpg"
"659";"88";"400";"/s/o/soccer-brazil-jersey_1.jpg"
"660";"88";"400";"/s/o/soccer-holland-jersey_1.jpg"
"661";"88";"400";"/s/o/soccer-portugal-jersey_1.jpg"
"662";"88";"400";"/s/o/soccer-world-cup-jerseys_1.jpg"
"663";"88";"398";"/s/o/soccer-uniforms-191_1.jpg"
"664";"88";"266";"/s/o/soccer-uniforms-176_1.jpg"
"665";"88";"325";"/s/o/soccer-uniforms-201.jpg"
"666";"88";"420";"/s/o/soccer-uniforms-291.jpg"
"676";"88";"425";"/n/3/n3165-long.jpg"
"677";"88";"426";"/6/1/6100s.jpg"
"678";"88";"427";"/3/0/3000b.jpg"
"679";"88";"150";"/e/s/estro.jpg"
"681";"88";"150";"/e/s/estro_2.jpg"
"682";"88";"428";"/s/p/sports-socks.jpg"
"683";"88";"400";"/s/o/soccer-portugal-jersey_2.jpg"
"685";"88";"414";"/s/o/soccer-portugal-world-cup_1.jpg"
"686";"88";"429";"/s/o/soccer-ghana-world-cup.jpg"
"687";"88";"414";"/s/o/soccer-portugal-world-cup_1_1.jpg"
"688";"88";"430";"/s/b/sb475.jpg"
"689";"88";"431";"/e/x/excel.png"
"690";"88";"432";"/s/b/sb6-pink_1.jpg"
"691";"88";"432";"/s/b/sb6_1.jpg"
"692";"88";"432";"/3/2/32902_1.jpg"
"693";"88";"432";"/4/9/49157_1.jpg"
"694";"88";"433";"/5/1/511.jpg"
"695";"88";"433";"/5/1/511b.jpg"
"696";"88";"434";"/5/1/512.jpg"
"701";"88";"378";"/b/a/basketball-packages2.jpg"
"704";"88";"437";"/a/-/a-05-bag.jpg"
"705";"88";"438";"/4/1/4180-digi-camo-set.jpg"
"706";"88";"439";"/s/o/soccer-uniforms-193_2.jpg"
"707";"88";"439";"/1/9/193-soccer-uniform-viva.jpg"
"710";"88";"440";"/2/4/240-soccer-uniform-chicago.jpg"
"711";"88";"441";"/4/1/4140-soccer-uniform.jpg"
"712";"88";"442";"/s/o/soccer-uniforms-198_2.jpg"
"713";"88";"443";"/s/o/soccer-uniforms-198_3.jpg"
"714";"88";"444";"/s/o/soccer-uniforms-198_4.jpg"
"715";"88";"445";"/s/o/soccer-uniforms-198_5.jpg"
"717";"88";"447";"/s/o/soccer-uniforms.jpg"
"718";"88";"373";"/b/a/basketball-uniforms-505.jpg"
"719";"88";"448";"/4/5/458_1.jpg"
"720";"88";"385";"/b/a/basketball-mascot.jpg"
"723";"88";"397";"/s/o/soccer-jersey-199.jpg"
"727";"88";"451";"/4/4/449sh--arena-shorts.jpg"
"730";"88";"452";"/4/7/478-revenge-jersey.jpg"
"731";"88";"101";"/s/o/soccer-uniforms-shorts.jpg"
"732";"88";"317";"/s/o/soccer-uniform-mexico.jpg"
"733";"88";"185";"/b/a/basketball-uniforms-482a_1.jpg"
"734";"88";"185";"/b/a/basketball-uniforms-482_1.jpg"
"735";"88";"450";"/s/u/sublimated-basketball-uniforms.jpg"
"736";"88";"385";"/m/a/mascot33.gif"
"737";"88";"385";"/m/a/mascot28.gif"
"738";"88";"385";"/m/a/mascot29.gif"
"739";"88";"385";"/m/a/mascot21.gif"
"740";"88";"385";"/m/a/mascot24.gif"
"741";"88";"385";"/m/a/mascot25.gif"
"742";"88";"385";"/m/a/mascot27.gif"
"743";"88";"385";"/z/e/zeeni-mascots.png"
"744";"88";"385";"/m/a/mascot19.gif"
"745";"88";"385";"/m/a/mascot12.gif"
"746";"88";"385";"/m/a/mascot26.gif"
"747";"88";"385";"/m/a/mascot11.gif"
"748";"88";"385";"/m/a/mascot7.gif"
"749";"88";"385";"/m/a/mascot14.gif"
"750";"88";"385";"/m/a/mascot31.gif"
"751";"88";"385";"/m/a/mascot10.gif"
"752";"88";"385";"/m/a/mascot32.gif"
"753";"88";"385";"/m/a/mascot2.gif"
"754";"88";"385";"/m/a/mascot16.gif"
"755";"88";"385";"/m/a/mascot17.gif"
"756";"88";"385";"/m/a/mascot22.gif"
"757";"88";"385";"/m/a/mascot13.gif"
"758";"88";"385";"/m/a/mascot8.gif"
"759";"88";"385";"/m/a/mascot23.gif"
"760";"88";"385";"/m/a/mascot9.gif"
"761";"88";"385";"/m/a/mascot1.gif"
"762";"88";"385";"/m/a/mascot30.gif"
"763";"88";"385";"/m/a/mascot3.gif"
"764";"88";"385";"/m/a/mascot4.gif"
"765";"88";"385";"/m/a/mascot18.gif"
"766";"88";"385";"/m/a/mascot34.gif"
"767";"88";"385";"/m/a/mascot20.gif"
"768";"88";"385";"/m/a/mascot5.gif"
"769";"88";"385";"/m/a/mascot15.gif"
"770";"88";"385";"/m/a/mascot6.gif"
"771";"88";"453";"/s/u/sublimated-basketball-uniforms2.jpg"
"772";"88";"454";"/s/o/soccer-uniform-293.jpg"
"775";"88";"457";"/s/o/soccer-uniform-portugal.jpg"
"776";"88";"454";"/s/o/soccer-uniform-usa.jpg"
"777";"88";"194";"/l/a/ladies-basketball-uniforms2.jpg"
"778";"88";"186";"/l/a/ladies-basketball-uniforms3.jpg"
"779";"88";"458";"/r/e/reversible-basketball-uniforms-b.jpg"
"780";"88";"458";"/r/e/reversible-basketball-uniforms-1.jpg"
"781";"88";"377";"/b/a/basketball-sleeve-jersey.jpg"
"782";"88";"459";"/b/a/basketball-uniforms-516.jpg"
"783";"88";"212";"/s/o/softball-jerseys.jpg"
"784";"88";"459";"/b/a/basketball-uniform-516_1.jpg"
"785";"88";"460";"/z/e/zeeni-football-camo.jpg"
"786";"88";"461";"/b/a/basketball-uniforms-707.jpg"
"787";"88";"365";"/f/l/flag-foot-ball-jersey.jpg"
"788";"88";"436";"/b/a/basketball-package-v.jpg"
"789";"88";"177";"/r/e/reversible-basketball-uniforms-449.gif"
"790";"88";"462";"/s/u/sublimated-basketball-uniforms-528.jpg"
"791";"88";"463";"/b/a/basketball-uniform-528.jpg"
"792";"88";"463";"/b/a/basketball-uniform-528a.jpg"
"793";"88";"177";"/r/e/reversible-basketball-uniforms-449n.jpg"
"794";"88";"177";"/r/e/reversible-basketball-uniforms-449n_1.jpg"
"795";"88";"464";"/b/a/basketball-uniform-527a.jpg"
"796";"88";"464";"/b/a/basketball-uniform-527.jpg"
"797";"88";"377";"/b/a/basketball-uniform-496_1.jpg"
"798";"88";"466";"/b/a/basketball-package-527.jpg"
"799";"88";"465";"/b/a/basketball-package-529.jpg"
"800";"88";"468";"/b/a/basketball-package-498.jpg"
"801";"88";"467";"/b/a/basketball-package-453.jpg"
"802";"88";"469";"/r/e/reversible-basketball-uniforms-530.jpg"
"803";"88";"449";"/b/a/basketball-uniforms-sublimated.jpg"
"804";"88";"470";"/b/a/basketball-uniforms-sublimated_1.jpg"
"805";"88";"455";"/s/o/soccer-mexico-jersey2.jpg"
"806";"88";"457";"/s/o/soccer-portugal-jersey2.jpg"
"809";"88";"471";"/s/o/soccer-mexico-jersey3.jpg"
"810";"88";"456";"/s/o/soccer-spain-jersey1.jpg"
"814";"88";"472";"/s/o/soccer-germany-jersey1_1.jpg"
"815";"88";"316";"/s/o/soccer-galaxy-jersey1.jpg"
"816";"88";"408";"/s/o/soccer-jersey1.jpg"
"818";"88";"383";"/s/o/soccer-germany-jersey5.jpg"
"819";"88";"473";"/s/o/soccer-columbia-jersey1.jpg"
"822";"88";"463";"/b/a/basketball-uniforms-529a_1.jpg"
"823";"88";"465";"/b/a/basketball-uniforms-529_1.jpg"
"824";"88";"397";"/s/o/soccer-uniform-tt.jpg"
"825";"88";"474";"/b/a/basketball-uniforms-454.jpg"
"826";"88";"474";"/b/a/basketball-uniforms-454b.jpg"
"827";"88";"475";"/7/7/7705-hood-men.jpg"
"829";"88";"476";"/7/7/7705-hood-ladies.jpg"
"831";"88";"477";"/7/7/7711-pants.jpg"
"832";"88";"476";"/7/7/7705-hood-ladies_1.jpg"
"833";"88";"475";"/7/7/7705-hood-men_3.jpg"
"834";"88";"478";"/1/4/1464-digital-hood.jpg"
"835";"88";"478";"/1/4/1464-digital-hood_1.jpg"
"836";"88";"479";"/b/a/basketball-uniforms-8552.jpg"
"837";"88";"479";"/b/a/basketball-uniforms-8552a.jpg"
"838";"88";"480";"/b/a/basketball-uniforms-8548.jpg"
"839";"88";"307";"/b/a/basketball-package-rev.jpg"
"840";"88";"307";"/b/a/basketball-package-rev_1.jpg"
"842";"88";"435";"/b/a/basketball-package-elite2.jpg"
"844";"88";"249";"/b/a/basketball-package-final.jpg"
"845";"88";"378";"/b/a/basketball-package-l2a_1.jpg"
"846";"88";"378";"/b/a/basketball-package-l2_1.jpg"
"849";"88";"436";"/b/a/basketball-package-453p.jpg"
"850";"88";"462";"/s/u/sublimated-basketball-uniforms-528b.jpg"
"851";"88";"462";"/s/u/sublimated-basketball-uniforms-528a.jpg"
"852";"88";"481";"/c/o/college-basketball-uniforms-531e.jpg"
"853";"88";"481";"/c/o/college-basketball-uniforms-531a.jpg"
"854";"88";"481";"/c/o/college-basketball-uniforms-531d.jpg"
"855";"88";"481";"/c/o/college-basketball-uniforms-531.jpg"
"856";"88";"481";"/c/o/college-basketball-uniforms-531f.jpg"
"857";"88";"481";"/c/o/college-basketball-uniforms-531c.jpg"
"858";"88";"481";"/c/o/college-basketball-uniforms-531b.jpg"
"859";"88";"449";"/s/u/sublimated-basketball-uniforms-513.jpg"
"860";"88";"482";"/a/7/a73.jpg"
"861";"88";"483";"/a/7/a71.jpg"
"862";"88";"484";"/a/7/a70.jpg"
"863";"88";"482";"/a/7/a73a.jpg"
"864";"88";"485";"/s/l/slash-package.jpg"
"866";"88";"486";"/d/y/dynamic--package.jpg"
"867";"88";"485";"/s/u/sublimated-basketball-uniforms-dd.jpg"
"868";"88";"487";"/2/0/2015-basketball-uniform.jpg"
"869";"88";"487";"/2/0/2015-basketball-uniform-a.jpg"
"870";"88";"487";"/2/0/2015-basketball-uniform2.jpg"
"871";"88";"488";"/b/a/basketball-uniforms-454_1.jpg"
"872";"88";"488";"/b/a/basketball-uniforms-454b_1.jpg"
"873";"88";"489";"/b/a/basketball-uniforms-492s_1.jpg"
"874";"88";"489";"/b/a/basketball-uniforms-492_1_1.jpg"
"883";"88";"491";"/2/0/2015-basketball-uniform-493_1.jpg"
"891";"88";"493";"/2/0/2015-basketball-uniform-482.jpg"
"892";"88";"490";"/2/0/2015-basketball-uniform-478_1.jpg"
"893";"88";"494";"/2/0/2015-basketball-uniform-503.jpg"
"894";"88";"492";"/2/0/2015-basketball-uniform-453_1.jpg"
"897";"88";"495";"/2/0/2015-basketball-uniform-516.jpg"
"898";"88";"496";"/7/0/700_1.jpg"
"900";"88";"497";"/r/a/raptors--package.jpg"
"901";"88";"498";"/8/1/819.jpg"
"902";"88";"449";"/5/1/513.jpg"
"903";"88";"499";"/2/0/2015-basketball-uniform-503_1.jpg"
"904";"88";"499";"/b/a/basketball-uniform-503.jpg"
"905";"88";"185";"/2/0/2015-basketball-uniform-482p.jpg"
"906";"88";"185";"/2/0/2015-basketball-uniform-482a.jpg"
"907";"88";"500";"/2/0/2015-basketball-uniform-493_3.jpg"
"908";"88";"491";"/2/0/2015-basketball-uniform-493_2.jpg"
"910";"88";"501";"/s/o/soccer-uniforms-205.jpg"
"914";"88";"503";"/s/o/soccer-uniforms-175_1.jpg"
"916";"88";"504";"/s/o/soccer-uniforms-170.jpg"
"917";"88";"503";"/s/o/soccer-uniforms-175_1_1.jpg"
"918";"88";"208";"/s/o/softball-uniform.jpg"
"920";"88";"505";"/2/0/206-soccer-uniforms.jpg"
"922";"88";"504";"/s/o/soccer-uniforms-170_1.jpg"
"923";"88";"502";"/s/o/soccer-uniforms-164_3.jpg"
"925";"88";"457";"/s/o/soccer-uniforms-292_1.jpg"
"927";"88";"506";"/s/o/soccer-girls-uniforms-323.jpg"
"931";"88";"507";"/s/o/soccer-girls-uniforms-345.jpg"
"935";"88";"509";"/s/o/soccer-mexico-jersey2_3.jpg"
"936";"88";"509";"/s/o/soccer-girls-uniforms-153.jpg"
"940";"88";"511";"/s/o/soccer-uniforms-206_1.jpg"
"946";"88";"513";"/s/o/soccer-uniforms-167.jpg"
"948";"88";"514";"/s/o/soccer-uniforms-264_1.jpg"
"956";"88";"515";"/s/o/soccer-girls-uniforms-387p_2_1.jpg"
"957";"88";"512";"/s/o/soccer-girls-uniforms-323p_1_1.jpg"
"958";"88";"510";"/s/o/soccer-girls-uniforms-388p_2.jpg"
"959";"88";"258";"/s/o/soccer-girls-uniforms-383j.jpg"
"960";"88";"508";"/s/o/soccer-girls-uniforms-343_1.jpg"
"961";"88";"506";"/s/o/soccer-girls-uniforms-323_1.jpg"
"962";"88";"507";"/s/o/soccer-girls-uniforms-345_2.jpg"
"964";"88";"517";"/s/o/soccer-girls-uniforms-346_1.jpg"
"966";"88";"518";"/s/o/soccer-girls-uniforms-322.jpg"
"967";"88";"360";"/s/o/soccer-girls-uniforms-385.jpg"
"968";"88";"359";"/s/o/soccer-girls-uniforms-384.jpg"
"969";"88";"260";"/s/o/soccer-girls-uniforms-371.jpg"
"970";"88";"257";"/s/o/soccer-girls-uniforms-382.jpg"
"971";"88";"516";"/s/o/soccer-girls-uniforms-346p_1_1.jpg"
"973";"88";"519";"/s/o/soccer-uniforms-p2.jpg"
"977";"88";"520";"/s/o/soccer-uniforms-p1_1.jpg"
"980";"88";"402";"/s/o/soccer-uniforms-1.jpg"
"984";"88";"424";"/s/o/soccer-package-tra2.jpg"
"985";"88";"421";"/s/o/soccer-package-2.jpg"
"986";"88";"423";"/s/o/soccer-package-3.jpg"
"987";"88";"422";"/s/o/soccer-package-4.jpg"
"988";"88";"521";"/s/o/soccer-shorts-835_1.jpg"
"990";"88";"522";"/s/u/sublimated-basketball-uniforms-525.jpg"
"991";"88";"379";"/b/a/basketball-pack.jpg"
"994";"88";"523";"/s/o/soccer-girls-uniforms-389.jpg"
"996";"88";"524";"/s/o/soccer-girls-uniforms-390b.jpg"
"997";"88";"524";"/s/o/soccer-girls-uniforms-390.jpg"
"998";"88";"322";"/z/o/zoom.jpg"
"1001";"88";"525";"/3/8/386n.jpg"
"1002";"88";"525";"/3/8/386b.jpg"
"1003";"88";"339";"/s/o/soccer-girls-shorts.jpg"
"1004";"88";"338";"/s/o/soccer-girls-shorts3_1.jpg"
"1005";"88";"355";"/s/o/soccer-girls-shorts2.jpg"
"1008";"88";"526";"/z/e/zeenibee.jpg"
"1009";"88";"362";"/c/a/camo.jpg"
"1011";"88";"527";"/z/e/zeei-football.jpg"
"1014";"88";"529";"/b/a/basketball-uniform-498_1_1.jpg"
"1016";"88";"530";"/s/o/soccer-packages4.jpg"
"1017";"88";"530";"/s/o/soccer-packages4_1.jpg"
"1021";"88";"531";"/s/o/soccer-packages5.jpg"
"1023";"88";"532";"/s/o/softball-jersey-new.jpg"
"1025";"88";"533";"/s/o/soccer-packages6.jpg"
"1027";"88";"534";"/b/a/basketball-uniform526.jpg"
"1029";"88";"535";"/b/a/basketball-uniform526j.jpg"
"1031";"88";"536";"/b/a/basketball-uniform526j-royal.jpg"
"1033";"88";"537";"/b/a/baseball-uniform-1.jpg"
"1035";"88";"538";"/b/a/baseball-uniform-2_1.jpg"
"1038";"88";"539";"/s/o/soccer-usa-jersey-2016.jpg"
"1040";"88";"540";"/s/o/soccer-germany-jersey-2016.jpg"
"1042";"88";"541";"/s/o/soccer-mexico-jersey-2016.jpg"
"1044";"88";"542";"/s/o/soccer-newzealand-jersey-2016_1.jpg"
"1046";"88";"543";"/s/o/soccer-brazil-jersey-2016_1.jpg"
"1048";"88";"544";"/u/n/united.jpg"
"1050";"88";"545";"/c/a/camaron.jpg"
"1053";"88";"546";"/h/o/houston.jpg"
"1055";"88";"547";"/p/o/portland-timber.jpg"
"1059";"88";"549";"/b/a/baseball-uniform-4.jpg"
"1064";"88";"551";"/b/a/baseball-uniform-6.jpg"
"1065";"88";"538";"/b/a/baseball-uniform-7.jpg"
"1068";"88";"552";"/b/a/baseball-uniform-8_1.jpg"
"1070";"88";"553";"/c/a/canada.jpg"
"1072";"88";"550";"/b/a/baseball-uniform-9_1.jpg"
"1074";"88";"554";"/g/a/galaxy.jpg"
"1077";"88";"555";"/s/u/sublimated-basketball-uniforms-d26_1.jpg"
"1078";"88";"28";"/b/a/basketball-fast2.jpg"
"1079";"88";"74";"/4/4/443-navy.jpg"
"1080";"88";"74";"/4/4/443-colu.jpg"
"1081";"88";"460";"/c/a/camo2.jpg"
"1084";"88";"556";"/r/e/rev-basketball2.jpg"
"1085";"88";"556";"/r/e/rev-basketball3.jpg"
"1086";"88";"217";"/s/o/softball-jerseys2.jpg"
"1090";"88";"557";"/s/u/sub-soccer-uniform-p_1.jpg"
"1091";"88";"548";"/s/u/sub-soccer-uniform1_2.jpg"
"1101";"88";"558";"/s/u/sub-soccer-uniform3b.jpg"
"1102";"88";"558";"/s/u/sub-soccer-uniform3a.jpg"
"1103";"88";"559";"/b/a/basketball-reversible-2015_1.jpg"
"1104";"88";"559";"/b/a/basketball-reversible-2015a_1.jpg"
"1107";"88";"560";"/s/u/sub-soccer-uniform2b.jpg"
"1108";"88";"560";"/s/u/sub-soccer-uniform2a.jpg"
"1110";"88";"561";"/s/u/sub-soccer-uniform4p.jpg"
"1112";"88";"562";"/s/o/soccer-shorts-838.jpg"
"1113";"88";"536";"/s/t/step-1.png"
"1114";"88";"536";"/s/t/step-2.png"
"1115";"88";"535";"/s/t/step-2_1.png"
"1116";"88";"535";"/s/t/step-1_1.png"
"1117";"88";"559";"/r/e/rev-2.png"
"1118";"88";"559";"/r/e/rev-1.png"
"1121";"88";"563";"/r/e/rev-2_1.png"
"1122";"88";"563";"/r/e/rev-1_1.png"
"1127";"88";"564";"/b/a/basketball-warm-p.jpg"
"1128";"88";"563";"/b/a/basketball-reversible-2015_2.jpg"
"1129";"88";"563";"/b/a/basketball-reversible-2015a_2.jpg"
"1131";"88";"565";"/p/a/pants.jpg"
"1134";"88";"566";"/s/u/sub-warm-up.jpg"
"1135";"88";"566";"/s/u/sub-warm-up_1.jpg"
"1138";"88";"567";"/4/0/4055.jpg"
"1140";"88";"568";"/9/5/9550.jpg"
"1142";"88";"569";"/2/5/259in.jpg"
"1143";"88";"569";"/2/5/259p.jpg"
"1146";"88";"570";"/2/6/260in.jpg"
"1147";"88";"570";"/2/6/260s.jpg"
"1150";"88";"50";"/p/-/p-26.jpg"
"1151";"88";"571";"/p/-/p-27_1_1.jpg"
"1152";"88";"572";"/s/o/soccer-usa-jersey-2016_2.jpg"
"1153";"88";"573";"/s/h/shooter.png"
"1154";"88";"455";"/m/a/maxico.jpg"
"1155";"88";"384";"/b/i/bilvo.jpg"
"1156";"88";"383";"/m/a/madi_1.jpg"
"1164";"88";"574";"/b/b/bb23.jpg"
"1165";"88";"574";"/b/b/bb234.jpg"
"1166";"88";"575";"/5/0/500.jpg"
"1168";"88";"576";"/s/u/sublimated_basketball_uniforms-540.jpg"
"1171";"88";"577";"/b/a/basketball_uniforms-539.jpg"
"1174";"88";"578";"/b/a/basketball_uniforms-538_1_1.jpg"
"1176";"88";"579";"/b/a/basketball_uniforms-package-538.jpg"
"1178";"88";"580";"/b/a/basketball_uniforms-package-541.jpg"
"1181";"88";"581";"/b/a/basketball_uniforms-537_1.jpg"
"1185";"88";"582";"/b/a/basketball_uniforms-542_1.jpg"
"1186";"88";"582";"/b/a/basketball_uniforms-542a.jpg"
"1192";"88";"584";"/b/a/basketball_uniforms-542r.jpg"
"1193";"88";"542";"/s/o/soccer-uniform2.jpg"
"1194";"88";"542";"/s/o/soccer-uniform3.jpg"
"1195";"88";"585";"/2/0/2015-basketball-uniform_1.jpg"
"1196";"88";"585";"/2/0/2015-basketball-uniform-a_1.jpg"
"1197";"88";"585";"/2/0/2015-basketball-uniform2_1.jpg"
"1198";"88";"582";"/b/a/basketball_uniforms-5new.jpg"
"1199";"88";"542";"/n/e/new-soccer-uniform2.jpg"
"1200";"88";"542";"/n/e/new-soccer-uniform.jpg"
"1201";"88";"569";"/n/e/new-soccer-uniform-set.jpg"
"1202";"88";"569";"/n/e/new-soccer-uniform_1.jpg"
"1203";"88";"586";"/b/a/basketball_uniforms-package-541_1.jpg"
"1204";"88";"586";"/b/a/basketball_uniforms-541.jpg"
"1206";"88";"587";"/b/a/basketball_ladies-uniforms-543.jpg"
"1207";"88";"313";"/n/e/new-soccer-uniform266.jpg"
"1208";"88";"588";"/s/o/soccer-girls-uniforms-387p_2_1_1.jpg"
"1210";"88";"588";"/g/i/girls-soccer-uniform_1.jpg"
"1211";"88";"428";"/s/8/s8007.jpg"
"1213";"88";"589";"/b/a/basketball_uniforms-544a_1.jpg"
"1216";"88";"589";"/b/a/basketball_uniforms-544a_1_1.jpg"
"1217";"88";"589";"/b/a/basketball_uniforms-544_1_1.jpg"
"1218";"88";"435";"/b/a/basketball_uniforms-544-package.jpg"
"1220";"88";"249";"/b/a/basketball_uniforms-544-package2_1.jpg"
"1224";"88";"590";"/b/a/basketball_uniforms-545.jpg"
"1227";"88";"591";"/b/a/basketball_uniforms-544-package3.jpg"
"1231";"88";"592";"/b/a/basketball_uniforms-544-pocket.jpg"
"1232";"88";"592";"/b/a/basketball_uniforms-544j.jpg"
"1235";"88";"592";"/b/a/basketball_uniforms-544-pocket_1.jpg"
"1236";"88";"593";"/b/a/basketball_uniforms-545co.jpg"
"1237";"88";"593";"/b/a/basketball_uniforms-545n.jpg"
"1238";"88";"592";"/b/a/basketball_uniforms-544-co.jpg"
"1241";"88";"594";"/b/a/basketball_uniforms-543.jpg"
"1242";"88";"594";"/b/a/basketball_uniforms-543-co.jpg"
"1244";"88";"594";"/b/a/basketball_uniforms-543_2.jpg"
"1245";"88";"591";"/b/a/basketball_uniforms-544-package3_1.jpg"
"1246";"88";"590";"/b/a/basketball_uniforms-546.jpg"
"1247";"88";"595";"/b/a/basketball_uniforms-545_1.jpg"
"1249";"88";"596";"/b/a/basketball_uniforms-544-pocket_2.jpg"
"1251";"88";"596";"/b/a/basketball_uniforms-544-pocket_1_1.jpg"
"1252";"88";"596";"/b/a/basketball_uniforms-544-co_1.jpg"
"1253";"88";"597";"/2/0/2015-basketball-uniform_2.jpg"
"1254";"88";"597";"/2/0/2015-basketball-uniform-a_2.jpg"
"1257";"88";"598";"/b/a/baseball_uniforms-n4184_1.jpg"
"1259";"88";"599";"/s/o/softball_uniforms-nw3260.jpg"
"1261";"88";"600";"/s/o/softball_pant-nw6188.jpg"
"1262";"88";"598";"/s/o/softball_.jpg"
"1266";"88";"601";"/b/a/basketball_uniforms-n2439b.jpg"
"1267";"88";"601";"/b/a/basketball_uniforms-n2439.jpg"
"1269";"88";"602";"/s/o/softball_uniforms-1065.jpg"
"1272";"88";"603";"/b/a/basketball_uniforms_a-game.jpg"
"1273";"88";"603";"/b/a/basketball_uniforms_a-game-b.jpg"
"1274";"88";"592";"/b/a/basketball_uniforms-545n_2.jpg"
"1277";"88";"590";"/b/a/basketball_rversible-546.jpg"
"1280";"88";"590";"/b/a/basketball_rversible-546_2.jpg"
"1282";"88";"187";"/b/a/basketball_rversible-473_1.jpg"
"1290";"88";"605";"/b/a/basketball_rversible-548_1.jpg"
"1295";"88";"591";"/b/a/basketball_uniforms_3-sets.jpg"
"1298";"88";"606";"/b/a/basketball_rversible-548package.jpg"
"1300";"88";"307";"/b/a/basketball_rversible-546package.jpg"
"1301";"88";"36";"/b/a/baseball_uniforms-aero.gif"
"1302";"88";"208";"/s/o/softball_uniforms-1063.jpg"
"1304";"88";"597";"/b/a/basketball_rversible-502.jpg"
"1306";"88";"604";"/5/4/548a.jpg"
"1307";"88";"605";"/b/a/basketball_unifom-548s.jpg"
"1314";"88";"608";"/b/a/basketball_package-549.jpg"
"1316";"88";"607";"/b/a/basketball_package-549b.jpg"
"1317";"88";"608";"/b/a/basketball_package-549p_1.jpg"
"1318";"88";"607";"/b/a/basketball_unifom-549_1.jpg"
"1319";"88";"604";"/b/a/basketball_unifom-5481.jpg"
"1320";"88";"592";"/b/a/basketball_uniforms-544aa.jpg"
"1321";"88";"596";"/b/a/basketball_uniforms-544aa_1.jpg"
"1323";"88";"609";"/b/a/basketball_unifom-550.jpg"
"1334";"88";"611";"/b/a/basketball_uniforms-552_2.jpg"
"1335";"88";"610";"/b/a/basketball_uniforms-552_3.jpg"
"1336";"88";"611";"/b/a/basketball_uniforms-552a.jpg"
"1337";"88";"610";"/b/a/basketball_uniforms-552a_1.jpg"
"1338";"88";"596";"/5/4/544-basketball-uniform.jpg"
"1339";"88";"592";"/5/4/544-basketball-uniform_1.jpg"
"1342";"88";"612";"/e/n/enigma-basketball-package.jpg"
"1344";"88";"613";"/f/u/full-dye-sublimation-basketball-uniform-553.jpg"
"1346";"88";"613";"/f/u/full-dye-sublimation-basketball-uniform-553_1.jpg"
"1350";"88";"613";"/f/u/full-dye-sublimation-basketball-uniform-553_3.jpg"
"1351";"88";"613";"/f/u/full-dye-sublimation-basketball-uniform-553_4.jpg"
"1353";"88";"528";"/s/o/soccer-package-206.jpg"
"1354";"88";"614";"/t/r/tran.jpg"
"1355";"88";"606";"/b/a/basketball-package-548.jpg"
"1357";"88";"615";"/t/i/tip-off-basketball-package.jpg"
"1359";"88";"616";"/d/o/double_team.jpg"
"1360";"88";"617";"/b/a/basketball_package-549b_1.jpg"
"1361";"88";"617";"/b/a/basketball_unifom-549_1_1.jpg"
"1364";"88";"618";"/b/a/basketball-package-554.jpg"
"1365";"88";"618";"/b/a/basketball-package-554_1.jpg"
"1368";"88";"619";"/b/a/basketball-package-555.jpg"
"1369";"88";"618";"/b/a/basketball-package-554a.jpg"
"1373";"88";"620";"/s/o/sonic_1.jpg"
"1375";"88";"621";"/b/a/basketball-socks-new.jpg"
"1376";"88";"621";"/b/a/basketball-socks-new-graphite.jpg"
"1377";"88";"621";"/b/a/basketball-socks-new-royal.jpg"
"1378";"88";"621";"/b/a/basketball-socks-new-black.jpg"
"1379";"88";"621";"/b/a/basketball-socks-new-white.jpg"
"1381";"88";"622";"/d/o/dots-soccer-jersey.jpg"
"1383";"88";"622";"/s/o/soccer-dots-jersey_1.jpg"
"1385";"88";"623";"/n/e/new-soccer-jersey.jpg"
"1387";"88";"624";"/n/e/new-soccer-jersey-ch.jpg"
"1388";"88";"623";"/n/e/new-soccer-jersey_2.jpg"
"1389";"88";"624";"/n/e/new-soccer-jersey-ch_1.jpg"
"1390";"88";"154";"/n/e/new-soccer-jersey-240.jpg"
"1391";"88";"165";"/n/e/new-soccer-jersey-190.jpg"
"1392";"88";"501";"/n/e/new-soccer-jersey-205.jpg"
"1393";"88";"502";"/n/e/new-soccer-jersey-164.jpg"
"1394";"88";"398";"/n/e/new-soccer-jersey-191.jpg"
"1395";"88";"624";"/n/e/new-soccer-jersey-ch_2.jpg"
"1396";"88";"502";"/n/e/new-soccer-jersey-164_1.jpg"
"1398";"88";"625";"/n/e/new-soccer-jersey-165.jpg"
"1400";"88";"626";"/n/e/new-soccer-jersey-246.jpg"
"1404";"88";"628";"/n/e/new-soccer-jersey-249.jpg"
"1405";"88";"628";"/n/e/new-soccer-jersey-249_1.jpg"
"1407";"88";"629";"/n/e/new-soccer-jersey-250.jpg"
"1408";"88";"628";"/n/e/new-soccer-jersey-sl.jpg"
"1410";"88";"630";"/n/e/new-soccer-jersey-camo.jpg"
"1412";"88";"631";"/n/e/new-soccer-jersey-2016.jpg"
"1415";"88";"631";"/n/e/new-soccer-jersey-viper-2016.jpg"
"1416";"88";"632";"/n/e/new-soccer-jersey-stripe-2016_1.jpg"
"1423";"88";"634";"/n/e/new-soccer-jersey-new2-2016.jpg"
"1427";"88";"635";"/n/e/new-ladies-soccer-jersey-2016.jpg"
"1428";"88";"635";"/n/e/new2-ladies-soccer-jersey-2016.jpg"
"1431";"88";"636";"/n/e/new3-ladies-soccer-jersey-2016.jpg"
"1432";"88";"636";"/n/e/new3-ladies-soccer-jersey-2016_1.jpg"
"1433";"88";"627";"/n/e/new4-soccer-jersey-2016.jpg"
"1434";"88";"627";"/n/e/new4-soccer-jersey-2016_1.jpg"
"1435";"88";"633";"/n/e/new4-soccer-jersey-2016_2.jpg"
"1437";"88";"630";"/c/a/camo-soccer-jersey-2016_1.jpg"
"1438";"88";"637";"/s/o/soccer-uniforms-shorts_1.jpg"
"1439";"88";"638";"/n/e/new-soccer-jersey-stripe-2016_1_1.jpg"
"1440";"88";"638";"/v/e/ver-soccer-uniform.jpg"
"1441";"88";"639";"/s/o/soccer-uniforms-193_2_2.jpg"
"1444";"88";"639";"/v/i/viva-pack_1.jpg"
"1445";"88";"640";"/s/o/soccer-uniforms_1.jpg"
"1446";"88";"640";"/s/o/soccer-uniforms-special1b.jpg"
"1448";"88";"641";"/s/w/sweeper-soccer-jersey3.jpg"
"1449";"88";"641";"/s/w/sweeper-soccer-jersey2.jpg"
"1450";"88";"641";"/s/w/sweeper-soccer-jersey.jpg"
"1454";"88";"642";"/v/i/vienna--soccer-jersey.jpg"
"1455";"88";"642";"/v/i/vienna--soccer-jersey2.jpg"
"1458";"88";"643";"/s/o/soccer-unifroms-2016.jpg"
"1460";"88";"644";"/s/o/soccer-unifroms-2016b_1.jpg"
"1461";"88";"604";"/b/a/basketball-548.jpg"
"1462";"88";"497";"/f/u/full-sublimation-513.jpg"
"1470";"88";"646";"/f/u/full-sublimation-560a_1.jpg"
"1471";"88";"645";"/f/u/full-sublimation-560_1.jpg"
"1473";"88";"647";"/f/u/full-sublimation-559a.jpg"
"1475";"88";"648";"/f/u/full-sublimation-559.jpg"
"1477";"88";"649";"/l/a/ladies-basketball-uniforms-561.jpg"
"1478";"88";"649";"/f/u/full-sublimation-560b.jpg"
"1483";"88";"650";"/f/u/full-sublimation-564a_1.jpg"
"1484";"88";"651";"/f/u/full-sublimation-564_1.jpg"
"1489";"88";"653";"/f/u/full-sublimation-565_1.jpg"
"1490";"88";"653";"/f/u/full-sublimation-565g_1.jpg"
"1492";"88";"654";"/f/u/full-sublimation-package-560.jpg"
"1494";"88";"655";"/b/a/basketball-uniform-pakage-557.jpg"
"1502";"88";"656";"/5/5/556.jpg"
"1503";"88";"591";"/b/a/basketball-3sets.jpg"
"1504";"88";"434";"/b/a/basketball-2016.jpg"
"1505";"88";"652";"/b/a/basketball-uniform-564_1_1.jpg"
"1507";"88";"657";"/b/a/basketball-566.jpg"
"1508";"88";"657";"/b/a/basketball-566_1.jpg"
"1509";"88";"657";"/b/a/basketball-566_2.jpg"
"1510";"88";"652";"/b/a/basketball-uniform-564_1_2.jpg"
"1511";"88";"604";"/b/a/basketball-548a.jpg"
"1512";"88";"656";"/5/5/556-racerback_1.jpg"
"1515";"88";"658";"/5/5/558-racerback.jpg"
"1518";"88";"659";"/4/7/479.jpg"
"1519";"88";"660";"/4/5/454_2.jpg"
"1520";"88";"661";"/5/4/540.jpg"
"1521";"88";"662";"/5/4/548.jpg"
"1522";"88";"663";"/5/4/543.jpg"
"1523";"88";"664";"/5/6/562.jpg"
"1525";"88";"665";"/5/6/567_1.jpg"
"1526";"88";"559";"/b/a/basketball-uniform-532.jpg"
"1527";"88";"666";"/l/a/ladies-basketball-uniforms-561_1.jpg"
"1528";"88";"666";"/f/u/full-sublimation-560b_1.jpg"
"1529";"88";"666";"/l/a/ladies-basketball-uniform-561.jpg"
"1530";"88";"654";"/d/y/dye-sublimation-basketball-uniform-565.jpg"
"1533";"88";"371";"/s/u/sublimation-basketball-uniform498.jpg"
"1537";"88";"668";"/b/a/basketball-uniform-563.jpg"
"1539";"88";"669";"/b/a/basketball-uniform-557a.jpg"
"1540";"88";"667";"/d/y/dye-sublimation-basketball-uniform-553_1.jpg"
"1541";"88";"666";"/l/a/ladies-basketball-uniform-561_1.jpg"
"1542";"88";"654";"/d/y/dye-sublimation-basketball-uniform-565_1.jpg"
"1543";"88";"590";"/b/a/basketball-uniform-546.jpg"
"1551";"88";"671";"/d/y/dye-sublimation-basketball-uniform-569_1.jpg"
"1552";"88";"671";"/d/y/dye-sublimation-basketball-uniform-569a_1.jpg"
"1553";"88";"672";"/b/a/basketball-package-final_2.jpg"
"1554";"88";"672";"/b/a/basketball_uniforms-544-package2_1_2.jpg"
"1555";"88";"672";"/-/b/-basketball-uniform-package-1.jpg"
"1562";"88";"673";"/d/y/dye-sublimation-basketball-uniform-570.jpg"
"1563";"88";"673";"/d/y/dye-sublimation-basketball-uniform-570a.jpg"
"1564";"88";"674";"/b/a/basketball-uniform-557a_1.jpg"
"1565";"88";"674";"/-/b/-basketball-uniform-metallic.jpg"
"1566";"88";"673";"/d/y/dye-sublimation-basketball-uniform-570a_1.jpg"
"1568";"88";"675";"/s/o/soccer-unifroms-276.jpg"
"1569";"88";"675";"/s/o/soccer-unifroms-276white.jpg"
"1572";"88";"676";"/s/o/soccer-unifroms-277.jpg"
"1577";"88";"677";"/s/o/soccer-unifroms-276s.jpg"
"1579";"88";"678";"/s/o/soccer-unifroms-277s_1.jpg"
"1581";"88";"679";"/s/o/soccer-unifroms-250_1.jpg"
"1583";"88";"680";"/s/o/soccer-unifroms-262.jpg"
"1585";"88";"681";"/s/o/soccer-unifroms-206.jpg"
"1591";"88";"684";"/s/o/soccer-unifroms-280.jpg"
"1593";"88";"685";"/s/o/soccer-unifroms-281.jpg"
"1594";"88";"682";"/s/o/soccer-unifroms-278_2.jpg"
"1599";"88";"687";"/s/o/soccer-unifroms-285_1.jpg"
"1600";"88";"683";"/s/o/soccer-unifroms-279_2.jpg"
"1601";"88";"686";"/s/o/soccer-unifroms-284_2.jpg"
"1602";"88";"670";"/d/y/dye-sublimation-basketball-uniform-568a_2.jpg"
"1607";"88";"688";"/d/y/dye-sublimation-basketball-uniform-572.jpg"
"1609";"88";"689";"/s/o/soccer-unifroms-286.jpg"
"1611";"88";"690";"/s/o/soccer-unifroms-283.jpg"
"1613";"88";"691";"/s/o/soccer-unifroms-282a.jpg"
"1614";"88";"688";"/d/y/dye-sublimation-basketball-uniform-572a_1.jpg"
"1615";"88";"672";"/-/b/-basketball-uniform-package-1-n.jpg"
"1616";"88";"613";"/d/y/dye-sublimation-basketball-uniform-553-1.jpg"
"1617";"88";"689";"/s/o/soccer-unifroms-286_2.jpg"
"1621";"88";"692";"/b/a/basketball-package-warm-up.jpg"
"1622";"88";"693";"/b/a/basketball-package-practice_1.jpg"
"1623";"88";"689";"/s/o/soccer-unifroms-286.gif"
"1624";"88";"177";"/b/a/basketball-uniform-449.jpg"
"1625";"88";"590";"/b/a/basketball-uniform-546_1.jpg"
"1627";"88";"555";"/d/y/dye-sublimation-basketball-uniform-528_1.jpg"
"1628";"88";"658";"/b/a/basketball_ladies-uniforms-558.jpg"
"1629";"88";"590";"/b/a/basketball-uniform-546_2.jpg"
"1630";"88";"589";"/5/4/547-bankshot-set.gif"
"1631";"88";"666";"/b/a/basketball-uniform-561.jpg"
"1635";"88";"694";"/s/o/softball--uniform-1066_1.jpg"
"1637";"88";"695";"/s/o/softball-uniform-1067.jpg"
"1639";"88";"696";"/s/o/softball-uniform-1068.jpg"
"1641";"88";"697";"/s/o/softball-uniform-1069.jpg"
"1643";"88";"698";"/s/o/softball-uniform-nw3201.jpg"
"1645";"88";"699";"/s/o/softball-uniform-nw3223.jpg"
"1647";"88";"700";"/s/o/softball-uniform-1070.jpg"
"1649";"88";"701";"/s/o/softball-uniform-1071.jpg"
"1651";"88";"702";"/s/o/softball-uniform-1072.jpg"
"1653";"88";"703";"/s/o/softball-uniform-1073.jpg"
"1656";"88";"704";"/s/o/softball-uniform-1074_1.jpg"
"1658";"88";"705";"/s/o/softball-uniform-nw3143.jpg"
"1660";"88";"706";"/s/o/softball-uniform-nw3318.jpg"
"1662";"88";"707";"/s/o/softball-uniform-nw6166.jpg"
